,0,1,2,3
0,Bates/Snack28/jim.xml,28,[3.5405405405405403], no none got out 
,0,1,2,3
0,Bernstein/Interview/cindy2.xml,22,[2.0], no no none of these 
""
,0,1,2,3
0,Bloom70/Peter/12.xml,28,[4.631578947368421], none in there 
1,Bloom70/Peter/18.xml,33,[5.660510114335972], none for jenny 
2,Bloom70/Peter/18.xml,33,[5.660510114335972], none for jenny 
""
""
,0,1,2,3
0,Braunwald/1-07-08.xml,19,[2.1758241758241756], none of the food can go 
1,Braunwald/2-03-12.xml,27,[2.962962962962963], none 
2,Braunwald/2-03-12.xml,27,[2.962962962962963], there s none left 
3,Braunwald/3-05-28b.xml,42,[4.186708860759493], and none of the other guys are as sick as ethan is 
4,Braunwald/3-07-00.xml,43,[4.332155477031802], none will come on where 
5,Braunwald/4-03-07.xml,51,[4.6722689075630255], seven years and zero days 
,0,1,2,3
0,Brent/c1/c1-0930.xml,[None],[0], none of that stuff 
1,Brent/c1/c1-0930.xml,[None],[0], none of those have tapioca in sweetie so we can have those 
2,Brent/c1/c1-1129.xml,12,[1.75], and this little piggie has none 
3,Brent/c1/c1-1129.xml,12,[1.75], but this little piggie had none 
4,Brent/d1/d1-1310.xml,13,[1.0], let me just make sure there s none in the refrigerator 
5,Brent/d1/d1-1417.xml,15,[1.1666666666666667], and this little piggy had none 
6,Brent/f1/f1-1318.xml,[None],[0], this little piggy had none 
7,Brent/f1/f1-1424.xml,15,[1.0], and this little piggy had none 
8,Brent/f2/f2-0827.xml,[None],[0], you can t have none of the soda 
9,Brent/f2/f2-0827.xml,[None],[0], can t have none o that 
10,Brent/i1/i1-0930.xml,10,[0], okay it s going to zero 
11,Brent/i1/i1-1005.xml,10,[1.0], this little piggy had none 
12,Brent/i1/i1-1207.xml,12,[1.0], here s zero 
13,Brent/i1/i1-1207.xml,12,[1.0], put zero in his spot 
14,Brent/i1/i1-1207.xml,12,[1.0], none 
15,Brent/i1/i1-1207.xml,12,[1.0], at two si  zero one whitney avenue 
16,Brent/i1/i1-1311.xml,13,[1.0], none 
17,Brent/i1/i1-1318.xml,14,[1.4], this little piggy had none 
18,Brent/i1/i1-1318.xml,14,[1.4], this little piggy had none 
19,Brent/i1/i1-1425.xml,15,[1.0526315789473684], this little piggy had none 
20,Brent/i1/i1-1425.xml,15,[1.0526315789473684], no they re none of them are ripe yet right now sweetheart 
21,Brent/j1/j1-0908.xml,9,[1.0], you didn t come over here for none of my sandwich did you 
22,Brent/j1/j1-1106.xml,11,[1.0],     none for me boy 
23,Brent/j1/j1-1318.xml,14,[1.0], none of these you can t fit any more 
24,Brent/j1/j1-1323.xml,14,[1.0], not gon play none for mama 
25,Brent/q1/q1-0928.xml,10,[1.0], thi little piggy had none 
26,Brent/q1/q1-0928.xml,10,[1.0], thi pokemon had none 
27,Brent/q1/q1-1405.xml,14,[1.0], and this little piggy had none 
28,Brent/q1/q1-1405.xml,14,[1.0], and this pokemon had none 
29,Brent/q1/q1-1405.xml,14,[1.0], yeah it had none 
30,Brent/s1/s1-0919.xml,10,[1.0], this little piggie had none 
31,Brent/s1/s1-1029.xml,11,[0], this piggie had none 
32,Brent/s1/s1-1126.xml,12,[1.0], and this little piggy had none 
33,Brent/s1/s1-1126.xml,12,[1.0], this little piggy had none 
34,Brent/s1/s1-1224.xml,13,[1.2], and this piggy had none 
35,Brent/s1/s1-1322.xml,14,[1.0], this piggy had roast beef and this piggy had none 
36,Brent/s2/s2-1124.xml,12,[1.0], this little piggy had none 
37,Brent/s2/s2-1124.xml,12,[1.0], but this little piggy had none 
38,Brent/s2/s2-1206.xml,[None],[0], but this little piggy had none 
39,Brent/s2/s2-1206.xml,[None],[0], this little piggy had none 
40,Brent/s2/s2-1309.xml,13,[0], and this little piggy had none 
41,Brent/s2/s2-1320.xml,14,[1.0], and this little piggy had none 
42,Brent/t1/t1-0830.xml,[None],[0], you don t want none 
43,Brent/v1/v1-0924.xml,10,[3.0], none o that play toy phone stuff for henry 
44,Brent/v1/v1-1506.xml,15,[1.0], no none for doggies 
45,Brent/v2/v2-0903.xml,[None],[0], you don t want none 
46,Brent/v2/v2-1000.xml,10,[1.0], you are not drinking none of it 
47,Brent/v2/v2-1112.xml,11,[1.0], no i don t want none 
48,Brent/w1/w1-1206.xml,[None],[0], this little piggy had none 
49,Brent/w1/w1-1206.xml,[None],[0], three zero nine     
50,Brent/w3/w3-0923.xml,10,[1.0], this little piggy had none 
51,Brent/w3/w3-0923.xml,10,[1.0], this little piggy had none 
52,Brent/w3/w3-0923.xml,10,[1.0], this little piggy had none 
53,Brent/w3/w3-1107.xml,11,[1.0], i ain t trying to bleach none of this orange 
54,Brent/w3/w3-1316.xml,14,[1.2105263157894737], zero 
55,Brent/w3/w3-1512.xml,15,[1.1794871794871795], you better not stand here and pee or none of that 
,0,1,2,3
0,Brown/Adam/adam17.xml,35,[3.941265060240964], zero 
1,Brown/Adam/adam19.xml,36,[4.303398058252427], five four three two one zero blast 
2,Brown/Adam/adam19.xml,36,[4.303398058252427], that s five four three two one zero 
3,Brown/Adam/adam22.xml,37,[4.928104575163399], to make sure there s none 
4,Brown/Adam/adam47.xml,52,[5.945668135095448], it says si  five four two zero seven 
5,Brown/Adam/adam47.xml,52,[5.945668135095448], seven five four two zero seven 
6,Brown/Adam/adam52.xml,57,[5.92991452991453], that s why there should be none of it left 
7,Brown/Eve/eve15.xml,25,[4.913127413127413], are there none out here 
8,Brown/Eve/eve15.xml,25,[4.913127413127413], the zero 
9,Brown/Sarah/sarah035.xml,35,[2.615], zero o 
10,Brown/Sarah/sarah049.xml,39,[3.876068376068376], none 
11,Brown/Sarah/sarah055.xml,40,[3.294478527607362], um looks like an zero to me 
12,Brown/Sarah/sarah055.xml,40,[3.294478527607362], oh you give me the zero now 
13,Brown/Sarah/sarah063.xml,42,[4.041666666666667], none upstairs downstair 
14,Brown/Sarah/sarah065.xml,43,[3.7431693989071038], none of them do 
15,Brown/Sarah/sarah086.xml,48,[4.613636363636363], none of the kids e cept for you robin jo anne 
16,Brown/Sarah/sarah104.xml,52,[4.288135593220339], is it an zero 
17,Brown/Sarah/sarah114.xml,55,[4.4124293785310735], i guess that is zero 
18,Brown/Sarah/sarah115.xml,55,[4.569377990430622], well now you have to go make a zero 
19,Brown/Sarah/sarah115.xml,55,[4.569377990430622], well no you have to go make a zero 
20,Brown/Sarah/sarah115.xml,55,[4.569377990430622], what do you want   or zero 
21,Brown/Sarah/sarah115.xml,55,[4.569377990430622], oh you re zero huh 
22,Brown/Sarah/sarah115.xml,55,[4.569377990430622], you re a zero 
23,Brown/Sarah/sarah115.xml,55,[4.569377990430622], you re supposed to put the zero here so you can win 
24,Brown/Sarah/sarah115.xml,55,[4.569377990430622], there see if you put the zero there you would win 
25,Brown/Sarah/sarah115.xml,55,[4.569377990430622], you re gonna put it in there the zero 
26,Brown/Sarah/sarah115.xml,55,[4.569377990430622], see you should o put that zero down there so i couldn t win 
27,Brown/Sarah/sarah119.xml,56,[7.425149700598802], none of those 
28,Brown/Sarah/sarah136.xml,61,[5.21505376344086], zero or an o 
29,Brown/Sarah/sarah136.xml,61,[5.21505376344086], no zero or an   
30,Brown/Sarah/sarah136.xml,61,[5.21505376344086], oh okay i ll take zero 
31,Brown/Sarah/sarah137.xml,61,[4.8901098901098905], you ll have a zero 
,0,1,2,3
0,Clark/shem10.xml,29,[4.9109947643979055], none of 
1,Clark/shem10.xml,29,[4.9109947643979055], there it goes to zero 
2,Clark/shem11.xml,29,[6.4068627450980395], yeah this stopped all the little numbers stopped at zero 
3,Clark/shem14.xml,30,[6.509025270758123], yeah it goes back to zero 
4,Clark/shem14.xml,30,[6.509025270758123], oh there it goes it going on to zero now see 
5,Clark/shem16.xml,31,[6.876923076923077], you re turning it to zero 
6,Clark/shem19.xml,32,[8.252225519287833], zero zero zero zero zero zero zero 
7,Clark/shem20.xml,32,[6.985294117647059], none of these are matching our cards shem 
8,Clark/shem29.xml,34,[5.61437908496732], no none at all 
9,Clark/shem34.xml,36,[8.942528735632184], when she got there the cupboard was bare and so the poor dog had none 
10,Clark/shem34.xml,36,[8.942528735632184], oh there s none so rare as compare with king cole and his fiddlers three 
11,Clark/shem34.xml,36,[8.942528735632184], this little piggy went to market this little piggy stayed home this little piggy had roast beef this little piggy had none and this little piggy cried wee i can t find my way home 
12,Clark/shem38.xml,37,[8.495145631067961], now we re gonna do a c for cindy and z for zero 
""
,0,1,2,3
0,Weist/Emily/emi09.xml,34,[6.578125], none 
1,Weist/Matt/mat23.xml,40,[3.938775510204082], five cents five o zero 
2,Weist/Matt/mat23.xml,40,[3.938775510204082], five o zero nine 
3,Weist/Matt/mat42.xml,50,[8.289473684210526], well you     that none of them were dangerous but they are fighting 
4,Weist/Matt/mat46.xml,53,[5.946666666666666], zero dollars 
5,Weist/Matt/mat46.xml,53,[5.946666666666666], zero dollars each ringing them up 
6,Weist/Matt/mat46.xml,53,[5.946666666666666], but each one only costs like zero cents right 
7,Weist/Matt/mat56.xml,60,[7.684210526315789], you may have one two or zero and i don t want to hear about any more it s starting to make me feel like you re not doing a good job 
8,Weist/Roman/rom42.xml,56,[5.9245283018867925], zero zero si  
,0,1,2,3
0,Warren/scott.xml,19,[1.5161290322580645], no you re not gonna let him have none 
,0,1,2,3
0,VanKleeck/jenny1.xml,37,[3.9411764705882355], none of those things 
""
,0,1,2,3
0,Valian/11b.xml,28,[3.8294392523364484], and none of em ll have any clothes on again in about a day 
1,Valian/17b.xml,30,[3.9816176470588234], can you tell investigator why none of your crayons have papers on em 
2,Valian/18a.xml,29,[4.727748691099476], none of them are birds 
3,Valian/18a.xml,29,[4.727748691099476], yeah it goes one to ten and no zero to nine zero to nine 
""
""
,0,1,2,3
0,Tardif/e06.xml,22,[1.6474358974358974], up now there s none left on the table 
,0,1,2,3
0,Suppes/nina35.xml,34,[5.009328358208955], none for me 
""
,0,1,2,3
0,Soderstrom/The/the15c.xml,10,[1.2285714285714286], none of that stuff 
,0,1,2,3
0,Snow/790906b.xml,37,[5.508196721311475], so there s none left to do in your pottie 
1,Snow/800518.xml,45,[3.634831460674157], zero 
,0,1,2,3
0,Sawyer/2-07-92.xml,[None],[0], five four three two one zero blastoff 
1,Sawyer/2-13-92.xml,[None],[0], none for me 
,0,1,2,3
0,Sachs/n68.xml,32,[3.527083333333333], this one had none 
1,Sachs/n68.xml,32,[3.527083333333333], what is none honey 
2,Sachs/n68.xml,32,[3.527083333333333], none is when you have no roast beef 
3,Sachs/n83.xml,40,[5.208029197080292], none in the bath 
4,Sachs/n83.xml,40,[5.208029197080292], none of those 
,0,1,2,3
0,Rollins/cm12.xml,12,[1.3333333333333333], and this little piggie had none 
1,Rollins/jp12.xml,12,[1.5], and this little piggie had none 
2,Rollins/tt12.xml,12,[0], ahhah this little piggie had none 
3,Rollins/tt12.xml,12,[0], this little piggie had none 
,0,1,2,3
0,Providence/Alex/ale03.xml,18,[2.245508982035928], and this little piggy had none 
1,Providence/Alex/ale03.xml,18,[2.245508982035928], this little piggy had none 
2,Providence/Alex/ale09.xml,21,[1.6873239436619718], zero 
3,Providence/Alex/ale10.xml,21,[1.9292035398230087], what s zero 
4,Providence/Alex/ale14.xml,23,[1.4817518248175183], thaza that is a zero 
5,Providence/Alex/ale14.xml,23,[1.4817518248175183], o oh zero 
6,Providence/Alex/ale14.xml,23,[1.4817518248175183], where s your zero 
7,Providence/Alex/ale14.xml,23,[1.4817518248175183], zero 
8,Providence/Alex/ale19.xml,26,[1.7857142857142858], zero 
9,Providence/Alex/ale27.xml,29,[2.5336700336700337], i there s none left honey 
10,Providence/Alex/ale35.xml,33,[2.6504065040650406], zero nine zero seven 
11,Providence/Alex/ale37.xml,34,[2.669826224328594], what s that supposed to be oh a zero 
12,Providence/Alex/ale37.xml,34,[2.669826224328594], zero 
13,Providence/Alex/ale49.xml,40,[3.1227436823104693], two zero zero three 
14,Providence/Ethan/eth04.xml,13,[1.5852272727272727], this little piggy had none 
15,Providence/Ethan/eth11.xml,16,[1.752895752895753], this little piggy had none 
16,Providence/Ethan/eth12.xml,16,[1.9375], this little piggy had none 
17,Providence/Ethan/eth16.xml,19,[2.4038155802861687], none for you 
18,Providence/Ethan/eth20.xml,20,[2.836244541484716], the show is at two o clock and it s twelve oh zero nine 
19,Providence/Ethan/eth25.xml,22,[3.8], and sleep in zero gravity when you re in a space ship you float in the air 
20,Providence/Ethan/eth41.xml,31,[3.8528428093645486], make none of them 
21,Providence/Ethan/eth41.xml,31,[3.8528428093645486], none of the windows was his window 
22,Providence/Ethan/eth41.xml,31,[3.8528428093645486], but none of the windows was his window 
23,Providence/Ethan/eth44.xml,32,[3.0706401766004414], there s the number eight there s the number two number two again there s a zero and there s the three 
24,Providence/Ethan/eth47.xml,34,[3.943469785575049], so he is floating up woo this is fun zero gravity is fun     
25,Providence/Ethan/eth47.xml,34,[3.943469785575049], the spaceship could float away too i guess in zero gravity 
26,Providence/Ethan/eth50.xml,35,[3.6016427104722792], none of his friends are around 
27,Providence/Lily/lil02.xml,14,[1.5076923076923077], and this little piggie had none 
28,Providence/Lily/lil04.xml,14,[1.4404761904761905], none of your 
29,Providence/Lily/lil06.xml,15,[1.9951690821256038], so i ll be upstairs and don will say what s the bread song like there is none make it up 
30,Providence/Lily/lil08.xml,16,[1.7860262008733625], this lil little piggie had roast beef this lil little piggie had none 
31,Providence/Lily/lil26.xml,24,[2.7415506958250497], zero very good honey 
32,Providence/Lily/lil27.xml,25,[3.1382978723404253], the museum director couldn t understand why none of them had caught sight of the artist 
33,Providence/Lily/lil30.xml,25,[4.441935483870968], lily have you noticed that none of these pirates have eyes 
34,Providence/Lily/lil35.xml,27,[4.360424028268551], but none of the insects they happened upon had any idea where her mother had gone 
35,Providence/Lily/lil35.xml,27,[4.360424028268551], but none of the insects they happened upon had any idea where her mother had gone 
36,Providence/Lily/lil36.xml,27,[4.625], okay it s two zero two 
37,Providence/Lily/lil37.xml,28,[5.458471760797342], zero 
38,Providence/Lily/lil40.xml,29,[5.298387096774194], none of the windows was his window though 
39,Providence/Lily/lil40.xml,29,[5.298387096774194], but none of the windows was his window 
40,Providence/Lily/lil42.xml,29,[5.092409240924092], and this little piggie had none 
41,Providence/Lily/lil47.xml,30,[4.5344827586206895], none i don t think 
42,Providence/Lily/lil49b.xml,31,[5.682568807339449], it s zero 
43,Providence/Lily/lil53.xml,32,[4.0989010989010985], but none of the insects they happened upon had any idea where her mother had gone 
44,Providence/Lily/lil57.xml,33,[3.7886904761904763], but it can be hundreds of degrees below zero during the long nights 
45,Providence/Lily/lil59.xml,34,[3.808080808080808], a trucker delivered none other than 
46,Providence/Lily/lil59.xml,34,[3.808080808080808], none of the buttons fell off 
47,Providence/Lily/lil63.xml,35,[4.349875930521092], oh none of the three of you like cauliflower huh 
48,Providence/Lily/lil66.xml,36,[4.015105740181269], none of the other men wear belts with their pants they button suspenders onto the waist lines of their pants and snap the suspenders over their shoulders 
49,Providence/Lily/lil71.xml,39,[4.6370808678500985], really none of us have any favorite foods that s so sad 
50,Providence/Lily/lil73.xml,41,[3.9522821576763487], none of us got hurt but the grasshoppers figured out what was going on 
51,Providence/Lily/lil74.xml,42,[4.022443890274314], i get it said jay jay he sees you every day he loves you a lot and without you none of the things he does would be possible 
52,Providence/Lily/lil78a.xml,46,[4.434250764525994], but we have none 
53,Providence/Lily/lil79.xml,47,[4.741935483870968], i mean none of the other kids know their states 
54,Providence/Lily/lil79.xml,47,[4.741935483870968], none at all huh 
55,Providence/Lily/lil79.xml,47,[4.741935483870968], none at all for me 
56,Providence/Naima/nai12.xml,16,[2.5553319919517103], none no raspberries 
57,Providence/Naima/nai18.xml,18,[2.9290322580645163], eeney meeney minie mo count the shoppers as they go some have baskets some have none count the shoppers one by one 
58,Providence/Naima/nai23.xml,20,[3.293296089385475], some have none 
59,Providence/Naima/nai26.xml,20,[3.3815028901734103], where is the zero is the zero lost 
60,Providence/Naima/nai26.xml,20,[3.3815028901734103], oh you have it in yer your hand a red zero 
61,Providence/Naima/nai39.xml,24,[4.101045296167247], you don t really have to borrow that i think that s a zero in front of mommy 
62,Providence/Naima/nai59b.xml,29,[5.514657980456026], like practically none 
63,Providence/Naima/nai77.xml,36,[6.898591549295775], well not zero nursing but you didn t wake up to nurse until four thirty 
64,Providence/Naima/nai79.xml,37,[4.844444444444444], zero     on the cape 
65,Providence/Naima/nai82.xml,43,[8.567901234567902], well i hope none of them got stuck in the oil spill 
66,Providence/Violet/vio18.xml,23,[2.532319391634981], none 
67,Providence/Violet/vio26.xml,27,[2.986062717770035], ten o zero nine 
68,Providence/Violet/vio26.xml,27,[2.986062717770035], ten o zero nine 
69,Providence/Violet/vio36.xml,31,[4.374647887323944], and sleep in zero gravity 
70,Providence/Violet/vio38.xml,32,[3.2103559870550162], i saw those animals none of them sheep well that seemed better than falling asleep i stretched and whispered boy this is fun 
71,Providence/Violet/vio38.xml,32,[3.2103559870550162], i saw those animals none of them sheep 
72,Providence/Violet/vio43.xml,35,[4.235772357723577], see a one and a zero makes ten 
73,Providence/Violet/vio52.xml,45,[4.944444444444445], for although spring should have arrived weeks before it hadn t none of the winter snows were gone yet 
74,Providence/William/wil05.xml,19,[1.3492537313432835], and this little piggy had none 
75,Providence/William/wil12.xml,22,[2.0822281167108754], but none of the five little ducks came back 
76,Providence/William/wil26.xml,30,[2.639784946236559], ten is a one and a zero 
77,Providence/William/wil26.xml,30,[2.639784946236559], but none of the five little ducks came back 
78,Providence/William/wil39.xml,37,[4.0130718954248366], none of that 
,0,1,2,3
0,Post/Lew/lew02.xml,24,[1.6917808219178083], three five zero 
1,Post/Lew/lew02.xml,24,[1.6917808219178083], mash the five now the zero 
2,Post/Lew/lew02.xml,24,[1.6917808219178083], you can mash all at once three five zero 
3,Post/She/she06.xml,25,[3.5483870967741935], mama sally don t give me none 
4,Post/She/she09.xml,28,[3.537091988130564], he didn t save you none 
5,Post/She/she09.xml,28,[3.537091988130564], he didn t save you none 
6,Post/Tow/tow01.xml,19,[1.871212121212121], zero 
7,Post/Tow/tow04.xml,22,[2.81021897810219], well you re leavin me with none 
8,Post/Tow/tow07.xml,26,[3.217821782178218], i don t get none 
9,Post/Tow/tow09.xml,28,[3.9318181818181817], we don t need none of them garfields 
10,Post/Tow/tow09.xml,28,[3.9318181818181817], we don t need none 
,0,1,2,3
0,Normal/dirk1.xml,26,[2.230769230769231], this little piggy had none 
1,Normal/dirk1.xml,26,[2.230769230769231], this little piggy had none 
2,Normal/lana1.xml,13,[1.8354430379746836], none is in the barn 
,0,1,2,3
0,NewEngland/14/45.xml,14,[1.0], none of these things interest you huh 
1,NewEngland/14/91.xml,14,[1.1428571428571428], you don t even want to look at none of this stuff do you 
""
,0,1,2,3
0,NH/nh18f-edith.xml,17,[1.0], and none for mommy 
1,NH/nh24m-pallas.xml,24,[3.041176470588235], uh oh now there s none left now what do we have to do 
2,NH/nh30f-tahiya.xml,29,[3.2971014492753623], uhhuh     none 
3,NH/nh36f-mabel.xml,36,[5.746606334841629], none of these are the same we ll never find a match 
""
,0,1,2,3
0,Morisset/Seattle/837m30.xml,30,[3.75], but mommy s not gonna drink none okay 
1,Morisset/Topeka/127m30t.xml,30,[2.0], momma don t want none 
2,Morisset/Topeka/127m30t.xml,30,[2.0], momma don t want none 
3,Morisset/Topeka/252m30t.xml,30,[2.375], i don t want none 
4,Morisset/Topeka/253m30t.xml,30,[3.46], you re gonna drink it all and then there wont be none left for anybody else 
5,Morisset/Topeka/265m30t.xml,30,[3.3181818181818183], no i don t want none 
6,Morisset/Topeka/265m30t.xml,30,[3.3181818181818183], he ain t gonna give you none 
7,Morisset/Topeka/273m30t.xml,30,[2.8620689655172415], um daddy don t get none 
8,Morisset/Topeka/273m30t.xml,30,[2.8620689655172415], don t want none 
9,Morisset/UCLA/309m36.xml,39,[3.625], and the poor dog had none 
10,Morisset/UCLA/311m36.xml,39,[3.7115384615384617], well when she got there the cupboard was bare and so the poor doggie had none 
11,Morisset/UCLA/312m36.xml,39,[2.142857142857143], when she got there the cupboard was bare and so the poor dog ate none 
12,Morisset/UCLA/312m36.xml,39,[2.142857142857143], and this pig had none 
13,Morisset/UCLA/320m36.xml,39,[2.6444444444444444], no there s none here 
14,Morisset/UCLA/406m36.xml,39,[3.6842105263157894], and this pig had none 
15,Morisset/UCLA/411m36.xml,39,[2.4375], none left 
""
""
,0,1,2,3
0,MacWhinney/38a2.xml,40,[6.7272727272727275], and none of the kids go to preschool on saturaday 
1,MacWhinney/46a2.xml,47,[6.196581196581197], none of the other kids get yelled at because their parents love them 
2,MacWhinney/61a2.xml,66,[8.76271186440678], i got none 
3,MacWhinney/64a2.xml,69,[11.727272727272727], that one s farther down no no they re not none of are okay okay 
4,MacWhinney/64a2.xml,69,[11.727272727272727], there s none bad guys in in jock and there s none spears in jock 
5,MacWhinney/65a1.xml,69,[6.735632183908046], two zero two zero 
6,MacWhinney/65a1.xml,69,[6.735632183908046], zero 
7,MacWhinney/65a1.xml,69,[6.735632183908046], two zero five one 
8,MacWhinney/65a1.xml,69,[6.735632183908046], all the he man toys can fit in the drawer but all the little toys can fit in the drawer but none he man toys can 
9,MacWhinney/65a1.xml,69,[6.735632183908046], there were none bad boys 
10,MacWhinney/66b2.xml,70,[9.027777777777779], now i want none little boy 
11,MacWhinney/67a1.xml,71,[10.333333333333334], now there is none and now there is um more and 
12,MacWhinney/67b2.xml,71,[12.666666666666666], none pretty 
13,MacWhinney/67b2.xml,71,[12.666666666666666], none pretty 
14,MacWhinney/69a2.xml,72,[11.304347826086957], none is 
15,MacWhinney/69a2.xml,72,[11.304347826086957], none is being bad 
16,MacWhinney/69a2.xml,72,[11.304347826086957], none is being bad at the table you mean 
17,MacWhinney/72e.xml,75,[2.0], none of them are pointing down 
18,MacWhinney/76a1.xml,78,[7.2105263157894735], just press one button and it does all those numbers that you punch you know eight zero zero five si  three two nine four eight 
19,MacWhinney/76b1.xml,78,[8.909090909090908], zero 
20,MacWhinney/76b1.xml,78,[8.909090909090908], zero 
21,MacWhinney/78a1.xml,79,[6.738095238095238], none of them none of them 
22,MacWhinney/78a1.xml,79,[6.738095238095238], none of them huh 
23,MacWhinney/80b1.xml,81,[5.489510489510489], none 
24,MacWhinney/83a2.xml,84,[7.670212765957447], i saw none of that in th 
""
,0,1,2,3
0,Kuczaj/abe067.xml,37,[7.983050847457627], none 
1,Kuczaj/abe102.xml,42,[6.391608391608392], so we can t get there too early or none of the stuff will be there 
2,Kuczaj/abe130.xml,45,[7.443298969072165], none will be on tomorrow 
3,Kuczaj/abe169.xml,51,[8.426229508196721], none of 
""
""
""
,0,1,2,3
0,Hall/BlackPro/anc.xml,57,[5.887884267631103], it makes it that much even sweeter si seeing as to she got zero this year nothing at all 
1,Hall/BlackPro/anc.xml,57,[5.887884267631103], none in there 
2,Hall/BlackPro/brd.xml,57,[6.5], when i looked there was none available 
3,Hall/BlackPro/brd.xml,57,[6.5], how come he didn t wanta to get trapped around none of us 
4,Hall/BlackPro/chj.xml,57,[5.60754189944134], none of that here 
5,Hall/BlackPro/jaf.xml,57,[4.363957597173145], the plane arrives at four zero one 
6,Hall/BlackPro/kif.xml,57,[6.159958180867747], an she s gonna die so that she can t see none of her friends at school 
7,Hall/BlackPro/mim.xml,57,[6.424004825090471], i didn t get none 
8,Hall/BlackPro/mim.xml,57,[6.424004825090471], there is none 
9,Hall/BlackPro/mim.xml,57,[6.424004825090471], i got a lot of gifts but none to show 
10,Hall/BlackPro/ref.xml,57,[5.158293838862559], i don t have none 
11,Hall/BlackPro/ref.xml,57,[5.158293838862559], i don t have none 
12,Hall/BlackPro/ref.xml,57,[5.158293838862559], now i don t do not have none 
13,Hall/BlackPro/trh.xml,57,[7.090737240075614], yes i only brought none from you mark 
14,Hall/BlackPro/trh.xml,57,[7.090737240075614], ten nine seven si  five four three two one zero blas off 
15,Hall/BlackPro/trh.xml,57,[7.090737240075614], none 
16,Hall/BlackPro/trh.xml,57,[7.090737240075614], zero sisters 
17,Hall/BlackWork/deg.xml,57,[4.6949891067538125], don t give her none here     
18,Hall/BlackWork/deg.xml,57,[4.6949891067538125], don t gid give her none don t give her 
19,Hall/BlackWork/deg.xml,57,[4.6949891067538125], keisha ain t givin you none 
20,Hall/BlackWork/deg.xml,57,[4.6949891067538125], ain t no more i didn t get none 
21,Hall/BlackWork/deg.xml,57,[4.6949891067538125], i don t want none 
22,Hall/BlackWork/deg.xml,57,[4.6949891067538125], none of your business 
23,Hall/BlackWork/deg.xml,57,[4.6949891067538125], that ain t none of your business 
24,Hall/BlackWork/deg.xml,57,[4.6949891067538125], none of what 
25,Hall/BlackWork/kmf.xml,57,[5.909001956947162], o told jt none of his business 
26,Hall/BlackWork/mis.xml,57,[6.003095975232198], no me an derrick don t have none 
27,Hall/BlackWork/mis.xml,57,[6.003095975232198], none ya your business 
28,Hall/BlackWork/pag.xml,57,[5.520948616600791], girls don t wear no no none a these for he 
29,Hall/BlackWork/pag.xml,57,[5.520948616600791], i didn t get none 
30,Hall/BlackWork/pag.xml,57,[5.520948616600791], nuhn none uh of yor your bidness business 
31,Hall/BlackWork/pag.xml,57,[5.520948616600791], don t want none 
32,Hall/BlackWork/rog.xml,57,[6.016994633273703], none ya your business 
33,Hall/BlackWork/roj.xml,57,[6.632876712328767], if i did that ain t none a of your business 
34,Hall/BlackWork/roj.xml,57,[6.632876712328767], fair game but he won t gimme give me none for his foolin here 
35,Hall/BlackWork/trc.xml,57,[5.373134328358209], don t give hah her none 
36,Hall/BlackWork/trc.xml,57,[5.373134328358209], she don t or won t     need or eat     none 
37,Hall/BlackWork/trc.xml,57,[5.373134328358209], y won gi give y won gimme give me none 
38,Hall/BlackWork/trc.xml,57,[5.373134328358209], you don t need none 
39,Hall/BlackWork/trc.xml,57,[5.373134328358209], i ain t showin you none a of mine 
40,Hall/BlackWork/trc.xml,57,[5.373134328358209], ain t gettin none 
41,Hall/BlackWork/trc.xml,57,[5.373134328358209], don t give her none 
42,Hall/BlackWork/trc.xml,57,[5.373134328358209], don t give her none trina 
43,Hall/BlackWork/trc.xml,57,[5.373134328358209], i mean tisha don t give her none 
44,Hall/WhitePro/gas.xml,57,[5.585278986941037], one none 
45,Hall/WhitePro/gas.xml,57,[5.585278986941037], you re one none 
46,Hall/WhitePro/job.xml,57,[7.728278041074249], so we re batting zero on that eh 
47,Hall/WhitePro/jub.xml,57,[7.3000723065798985], there is none left 
48,Hall/WhitePro/jub.xml,57,[7.3000723065798985], i got none of these 
49,Hall/WhitePro/maa.xml,57,[5.452691218130312], none of the bowls are put     
50,Hall/WhitePro/rob.xml,57,[6.909367088607595], you may have all you baby teeth fall out and you ll have none of them hurt you 
51,Hall/WhitePro/toh.xml,57,[5.2798861480075905], none of your comments lance 
52,Hall/WhitePro/zoe.xml,57,[6.3809897879025925], i want this clay and don t none of this     
53,Hall/WhitePro/zoe.xml,57,[6.3809897879025925], am i a special candies and you don t got none 
54,Hall/WhitePro/zoe.xml,57,[6.3809897879025925], none of your business 
55,Hall/WhiteWork/boo.xml,57,[5.4652155356380705], and i got none     ah 
56,Hall/WhiteWork/boo.xml,57,[5.4652155356380705], come on i didn t get none before 
57,Hall/WhiteWork/boo.xml,57,[5.4652155356380705], can t drink none of them 
58,Hall/WhiteWork/dal.xml,57,[5.130696474634566], no hitting absolutely none 
59,Hall/WhiteWork/dal.xml,57,[5.130696474634566], it s none of your business 
60,Hall/WhiteWork/kag.xml,57,[5.027917364600782], si  seven eight none 
61,Hall/WhiteWork/kao.xml,57,[6.203125], there there are no there are very few ah none at all i think children in it 
62,Hall/WhiteWork/kao.xml,57,[6.203125], none of your business 
63,Hall/WhiteWork/mig.xml,57,[5.823569482288828], sharleen no this is none of your business 
64,Hall/WhiteWork/mig.xml,57,[5.823569482288828], no harold this is none of your business 
65,Hall/WhiteWork/mig.xml,57,[5.823569482288828], i m not     hey you re not gonna get none until you finish your food 
66,Hall/WhiteWork/mig.xml,57,[5.823569482288828], put the nine and then the zero 
67,Hall/WhiteWork/mig.xml,57,[5.823569482288828], no no the zero goes after 
68,Hall/WhiteWork/mig.xml,57,[5.823569482288828], is one more than zero 
69,Hall/WhiteWork/mig.xml,57,[5.823569482288828], okay one is more than zero so it means what 
70,Hall/WhiteWork/mig.xml,57,[5.823569482288828], now we don t have none 
71,Hall/WhiteWork/mig.xml,57,[5.823569482288828], none of it 
72,Hall/WhiteWork/stl.xml,57,[7.02322738386308], i have none now 
73,Hall/WhiteWork/sut.xml,57,[6.240773286467487], we have we have a lot of paintings up on the wall and none of yours 
""
,0,1,2,3
0,HSLLD/HV1/BR/brabr1.xml,44,[11.36], none of this stuff is red 
1,HSLLD/HV1/BR/emibr1.xml,44,[2.8333333333333335], none of this stuff is red 
2,HSLLD/HV1/BR/gilbr1b.xml,46,[3.3684210526315788], i know none of these is your favorite your favorite is not up here 
3,HSLLD/HV1/BR/nicbr1.xml,45,[2.765957446808511], there were lots of grownups everywhere but none of them was maria 
4,HSLLD/HV1/BR/tambr1.xml,48,[2.2666666666666666], but when she came there the cupboard was bare and so the poor poor dog had none 
5,HSLLD/HV1/ER/ether1.xml,45,[4.95], no none of your relatives came to the party 
6,HSLLD/HV1/MT/aprmt1.xml,44,[3.5142857142857142], i don t ha none 
7,HSLLD/HV1/MT/astmt1.xml,46,[5.819548872180451], none of that 
8,HSLLD/HV1/MT/astmt1.xml,46,[5.819548872180451], none of that 
9,HSLLD/HV1/MT/casmt1.xml,49,[9.135135135135135], there was none honey for the salad 
10,HSLLD/HV1/MT/jesmt1.xml,43,[5.338028169014085], yeah come on you haven t eaten none of that yet come on 
11,HSLLD/HV1/MT/jesmt1.xml,43,[5.338028169014085], and zero was standing at zero feet     
12,HSLLD/HV1/MT/kevmt1.xml,46,[3.978723404255319], was that the kid gets off mom wants the the zero and the the thing goes like that 
13,HSLLD/HV1/MT/sopmt1.xml,48,[4.722222222222222], i m not i won t i won t gi you none 
14,HSLLD/HV1/TP/diatp1.xml,46,[4.631147540983607], no there s no there s none missing 
15,HSLLD/HV1/TP/nedtp1.xml,59,[3.1666666666666665], four two seven one o zero one no four two seven two one seven five 
16,HSLLD/HV1/TP/shotp1.xml,43,[3.4953271028037385], zero 
17,HSLLD/HV1/TP/zentp1.xml,46,[3.6687898089171975], just in case if we wanted some we might not want none zzz 
18,HSLLD/HV2/BR/britp2.xml,53,[4.383720930232558], none what 
19,HSLLD/HV2/BR/nicbr2.xml,53,[2.821138211382114], you can t name none of the other fruit 
20,HSLLD/HV2/BR/stnbr2.xml,55,[3.103448275862069],     the star     bellied snitches had many had bellies with stars the kind     snitches had none upon theirs 
21,HSLLD/HV2/BR/tambr2.xml,60,[3.453125], this little pig had none 
22,HSLLD/HV2/ER/nicer2.xml,53,[3.7419354838709675], none of 
23,HSLLD/HV2/MT/brnmt2.xml,59,[5.777777777777778], there s none on the floor 
24,HSLLD/HV2/MT/brnmt2.xml,59,[5.777777777777778], zero on the floor 
25,HSLLD/HV2/MT/brnmt2.xml,59,[5.777777777777778], zero on the floor 
26,HSLLD/HV2/MT/jeamt2.xml,61,[6.333333333333333], mm none of you can have it then 
27,HSLLD/HV2/MT/maymt2.xml,59,[4.76056338028169], i didn t even get none beets 
28,HSLLD/HV2/MT/rosmt2.xml,57,[5.1976744186046515], maybe she s a three with a zero after the three 
29,HSLLD/HV2/TP/nictp2.xml,53,[3.3838862559241707], that s a one and a zero 
30,HSLLD/HV3/BR/susbr3.xml,72,[4.936507936507937], none of the kids really 
31,HSLLD/HV3/ET/geoet3.xml,64,[5.516129032258065], these none of these stick 
32,HSLLD/HV3/ET/remet3.xml,71,[6.36], none of those don t uh those are those 
33,HSLLD/HV3/MT/anamt3.xml,70,[5.03125], eight eight nine one one zero zero three 
34,HSLLD/HV3/MT/aprmt3.xml,65,[3.789473684210526], you don t want none 
35,HSLLD/HV3/MT/deamt3.xml,66,[4.2407407407407405], hey i don t got none 
36,HSLLD/HV3/MT/ethmt3.xml,67,[4.252252252252252], so that none would touch each other 
37,HSLLD/HV3/MT/ethmt3.xml,67,[4.252252252252252], add a zero 
38,HSLLD/HV3/MT/ethmt3.xml,67,[4.252252252252252], put a zero ne t to fourteen chi 
39,HSLLD/HV3/MT/ethmt3.xml,67,[4.252252252252252], just add a zero 
40,HSLLD/HV3/MT/ethmt3.xml,67,[4.252252252252252], i know he does the concept of adding the zero um to 
41,HSLLD/HV3/MT/ethmt3.xml,67,[4.252252252252252], i know but then i said put the zero after the four 
42,HSLLD/HV3/MT/todmt3.xml,67,[5.355072463768116], none of that 
43,HSLLD/HV3/TP/rastp3.xml,70,[6.365853658536586], oh you can t have none you got a nasty nose 
44,HSLLD/HV3/TP/stntp3.xml,65,[3.56], i what if i tell you i don t want none 
45,HSLLD/HV5/MT/aprmt52.xml,[None],[0], you ain t eat none of those noodles i cooked for me you and female 
46,HSLLD/HV5/MT/trimt5.xml,89,[8.511111111111111], less than zero 
47,HSLLD/HV5/MT/vicmt5.xml,90,[7.762711864406779], www they take about size zero and a half 
48,HSLLD/HV5/MT/vicmt5.xml,90,[7.762711864406779], i mean below zero and a half 
49,HSLLD/HV7/ET/briet7.xml,122,[4.7164179104477615], none of these     is sticking on anything 
50,HSLLD/HV7/ET/geoet7.xml,117,[3.269230769230769], none of the coins are magnetic 
51,HSLLD/HV7/ET/geoet7.xml,117,[3.269230769230769], none of will 
52,HSLLD/HV7/ET/jeaet7.xml,116,[3.9473684210526314], none o the money sticks 
53,HSLLD/HV7/ET/todet7.xml,113,[6.116438356164384], none of these do 
54,HSLLD/HV7/MD/anamd7.xml,[None],[0], i ll be a zero www 
55,HSLLD/HV7/MD/jammt7.xml,124,[7.396341463414634], it doesn t start at zero 
56,HSLLD/HV7/MD/jammt7.xml,124,[7.396341463414634], oh wow yeah he musta must have had nine there s none left 
57,HSLLD/HV7/MT/rosmt7.xml,117,[5.615384615384615], zero or marco or what 
,0,1,2,3
0,Gleason/Father/charlie.xml,36,[4.266666666666667], zero if it s a number right 
1,Gleason/Father/charlie.xml,36,[4.266666666666667], oh that s a zero 
2,Gleason/Father/charlie.xml,36,[4.266666666666667], five and zero 
3,Gleason/Father/charlie.xml,36,[4.266666666666667], when you see five and zero together it s a fifty 
4,Gleason/Father/charlie.xml,36,[4.266666666666667], zero 
5,Gleason/Father/eddie.xml,[None],[3.986899563318777], okay hit that zero 
6,Gleason/Father/guy.xml,37,[3.1677018633540373], zero 
7,Gleason/Father/guy.xml,37,[3.1677018633540373], zero 
8,Gleason/Father/guy.xml,37,[3.1677018633540373], zero means that we would get it for nothing 
9,Gleason/Father/guy.xml,37,[3.1677018633540373], do you know what five zero says 
10,Gleason/Father/guy.xml,37,[3.1677018633540373], and what s five zero 
11,Gleason/Father/helen.xml,59,[5.256756756756757], zero 
12,Gleason/Father/patricia.xml,30,[3.608910891089109], none huh 
13,Gleason/Mother/helen.xml,59,[4.792642140468227], no that s zero 
14,Gleason/Mother/isadora.xml,42,[4.064655172413793], that s a zero 
15,Gleason/Mother/martin.xml,30,[2.930817610062893], that s number one zero 
16,Gleason/Mother/theresa.xml,48,[5.557620817843866], that s a zero 
17,Gleason/Mother/theresa.xml,48,[5.557620817843866], that s zero 
18,Gleason/Mother/theresa.xml,48,[5.557620817843866], for zero i ll take it 
,0,1,2,3
0,Gathercole/06.xml,[None],[0], or none 
1,Gathercole/07.xml,[None],[0], there was a stil sore so i kept picking and but none of it came off and it was always one sore left 
2,Gathercole/07.xml,[None],[0], zero 
3,Gathercole/07.xml,[None],[0], zero 
4,Gathercole/07.xml,[None],[0], none right 
5,Gathercole/07.xml,[None],[0], i don t have i have none cavities and none fillings 
6,Gathercole/08.xml,[None],[0], no you re you re zero 
7,Gathercole/08.xml,[None],[0], you re zero 
8,Gathercole/08.xml,[None],[0], how come you re zero 
9,Gathercole/09.xml,[None],[0], she hasn t got none milk 
10,Gathercole/10.xml,[None],[0], none for me 
""
""
""
""
,0,1,2,3
0,Demetras1/tre10.xml,32,[5.515151515151516], none of it 
1,Demetras1/tre12.xml,32,[5.877659574468085], i got none 
""
""
